Name,Predicted Viewership (Millions),Actual Viewership (Millions),Error (Millions)
2024 World Series Game 1,14.781225567324961,14.162999999999998,0.6182255673249628
2024 World Series Game 2,13.625045920710804,13.712999999999997,0.08795407928919374
2024 World Series Game 3,13.363476209179817,13.208000000000002,0.15547620917981497
2024 World Series Game 4,15.75712741908751,16.275,0.5178725809124884
2024 World Series Game 5,16.749887481460092,18.151999999999997,1.402112518539905
2023 World Series Game 1,9.865804331780822,9.172,0.6938043317808216
2023 World Series Game 2,10.547989889931028,8.153,2.3949898899310273
2023 World Series Game 3,8.83752566009873,8.126,0.7115256600987312
2023 World Series Game 4,8.717747680027706,8.48,0.23774768002770585
2023 World Series Game 5,8.854860202154006,11.481000000000002,2.6261397978459957
2022 World Series Game 1,15.3262932504544,11.475000000000001,3.8512932504543986
2022 World Series Game 2,12.219738946512729,10.788999999999998,1.4307389465127311
2022 World Series Game 3,11.740612364219068,11.161999999999999,0.5786123642190688
2022 World Series Game 4,12.420868651560186,11.809000000000001,0.6118686515601848
2022 World Series Game 5,12.960115802576873,12.785999999999998,0.17411580257687476
2023 World Series Game 6,10.823687102214596,12.549000000000001,1.7253128977854058
2021 World Series Game 1,11.083867359062735,10.811,0.27286735906273485
2021 World Series Game 2,10.505461673853697,10.28,0.22546167385369742
2021 World Series Game 3,12.846972430954857,11.232,1.6149724309548574
2021 World Series Game 4,13.650424629896458,10.510999999999997,3.1394246298964603
2021 World Series Game 5,13.439880162348256,13.644,0.2041198376517439
2021 World Series Game 6,13.133955754703779,14.140000000000004,1.0060442452962253
2020 World Series Game 1,10.507790722888558,9.353,1.154790722888558
2020 World Series Game 2,14.407462609039715,9.184,5.223462609039716
2020 World Series Game 3,9.935417067582975,8.156000000000002,1.7794170675829726
2020 World Series Game 4,12.42145049226354,9.332,3.0894504922635395
2020 World Series Game 5,12.300406715334443,10.059,2.2414067153344437
2020 World Series Game 6,12.892601369394114,12.819,0.07360136939411355
2019 World Series Game 1,12.503826129973978,12.193999999999997,0.30982612997398107
2019 World Series Game 2,12.865968545174281,11.925,0.9409685451742806
2019 World Series Game 3,13.214824639956058,12.220000000000002,0.9948246399560556
2019 World Series Game 4,16.604732723354534,10.219000000000001,6.385732723354533
2019 World Series Game 5,13.438541726346774,11.389999999999999,2.048541726346775
2019 World Series Game 6,15.817404741607158,16.424999999999997,0.6075952583928395
2019 World Series Game 7,12.50015216926409,23.013,10.512847830735911
2018 World Series Game 1,14.354771254670485,13.761000000000001,0.5937712546704841
2018 World Series Game 2,14.45911255862,13.458000000000002,1.0011125586199974
2018 World Series Game 3,13.658210333902044,13.250999999999998,0.40721033390204653
2018 World Series Game 4,13.80383919071167,13.563,0.24083919071166981
2018 World Series Game 5,17.53064942668556,17.634,0.1033505733144402
2017 World Series Game 1,14.104811499444612,14.967999999999998,0.8631885005553865
2017 World Series Game 2,14.615836031157173,15.483000000000002,0.8671639688428296
2017 World Series Game 3,15.33812004022324,15.676,0.33787995977676033
2017 World Series Game 4,15.859179943008275,15.400000000000002,0.45917994300827303
2017 World Series Game 5,17.709578942249376,18.94,1.2304210577506254
2017 World Series Game 6,19.622232305426767,22.229,2.6067676945732323
2017 World Series Game 7,17.53356491507559,28.239999999999995,10.706435084924404
2016 World Series Game 1,17.625785785732802,19.368000000000002,1.7422142142672001
2016 World Series Game 2,16.0568844908138,17.395,1.3381155091861991
2016 World Series Game 3,16.947646997987665,19.384,2.4363530020123356
2016 World Series Game 4,17.194722004657716,16.705000000000002,0.48972200465771465
2016 World Series Game 5,21.2411636177863,23.638000000000005,2.3968363822137064
2016 World Series Game 6,15.284756656551037,23.396000000000004,8.111243343448967
2016 World Series Game 7,36.429744423762905,40.04500000000001,3.6152555762371037
2015 World Series Game 1,14.843577559855566,14.944,0.10042244014443469
2015 World Series Game 2,16.256898767986954,13.721999999999998,2.534898767986956
2015 World Series Game 3,13.571973044129201,13.205000000000004,0.36697304412919785
2015 World Series Game 4,13.553850565244908,13.587,0.033149434755092244
2015 World Series Game 5,16.34815422843533,17.206,0.8578457715646692
2014 World Series Game 1,12.846772242027122,12.191,0.6557722420271208
2014 World Series Game 2,13.54028645153495,12.916999999999998,0.6232864515349519
2014 World Series Game 3,13.93848324662848,12.133000000000001,1.8054832466284783
2014 World Series Game 4,12.519358322856117,10.742,1.7773583228561165
2014 World Series Game 5,13.09084997531275,12.635000000000003,0.45584997531274674
2014 World Series Game 6,14.056211589808772,13.371999999999996,0.6842115898087755
2014 World Series Game 7,20.996687902891583,23.517,2.520312097108416
2013 World Series Game 1,14.27003385572253,14.400000000000002,0.12996614427747133
2013 World Series Game 2,14.652353410974703,13.429000000000004,1.223353410974699
2013 World Series Game 3,14.248874404280102,12.472999999999999,1.7758744042801027
2013 World Series Game 4,14.329414053668891,15.975000000000003,1.6455859463311118
2013 World Series Game 5,13.961863700569852,14.446000000000003,0.48413629943015124
2013 World Series Game 6,17.237407337378862,19.178,1.940592662621139
2012 World Series Game 1,12.445196471987435,12.240000000000002,0.20519647198743307
2012 World Series Game 2,13.24534927028083,12.340000000000003,0.9053492702808263
2012 World Series Game 3,15.360626428406416,10.471000000000002,4.889626428406414
2012 World Series Game 4,14.016652714920033,15.485000000000001,1.4683472850799681
Super Bowl XLVI,109.9477144315551,111.34999999999998,1.4022855684448814
Super Bowl XLVII,105.7641207022785,108.68999999999997,2.9258792977214654
Super Bowl XLVIII,109.8841672682169,112.18999999999996,2.305832731783056
Super Bowl XLIX,110.92127876896075,114.44000000000001,3.5187212310392653
Super Bowl 50,110.57497781726674,111.85999999999996,1.285022182733215
Super Bowl LI,108.56970357764212,111.31999999999995,2.7502964223578346
Super Bowl LII,101.2808571459919,103.47000000000003,2.189142854008125
Super Bowl LIII,109.81451022165164,98.48000000000002,11.334510221651627
Super Bowl LIV,99.55648781334901,101.32000000000001,1.763512186650999
Super Bowl LV,95.0225944277372,95.19999999999997,0.17740557226277076
Super Bowl LVI,99.20049087282564,99.17999999999999,0.02049087282564699
Super Bowl LVII,110.48213881979193,114.21000000000002,3.7278611802080945
Super Bowl LVIII,113.15376529280954,121.50000000000004,8.346234707190504
2024 NBA Finals Game 1,11.124353650714083,10.989999999999998,0.13435365071408434
2024 NBA Finals Game 2,11.71747605740976,12.309999999999999,0.5925239425902387
2024 NBA Finals Game 3,14.878666805888743,11.43,3.4486668058887435
2024 NBA Finals Game 4,9.750508264284734,9.620000000000001,0.1305082642847335
2024 NBA Finals Game 5,11.788302167046638,12.220000000000002,0.4316978329533647
2023 NBA Finals Game 1,10.018226094137425,11.580000000000002,1.5617739058625766
2023 NBA Finals Game 2,12.205795032400879,11.91,0.29579503240087845
2023 NBA Finals Game 3,10.57163111169713,11.240000000000002,0.6683688883028722
2023 NBA Finals Game 4,13.28861871542111,10.410000000000002,2.8786187154211085
2023 NBA Finals Game 5,13.235736031276696,13.079999999999998,0.15573603127669777
2022 NBA Finals Game 1,12.30005174722317,11.9,0.40005174722316994
2022 NBA Finals Game 2,11.508846433651932,11.91,0.40115356634806787
2022 NBA Finals Game 3,11.91689726376983,11.52,0.39689726376983003
2022 NBA Finals Game 4,12.726274391090849,12.06,0.6662743910908482
2022 NBA Finals Game 5,13.026494420044516,13.030000000000001,0.003505579955485061
2022 NBA Finals Game 6,13.646499637329931,13.99,0.3435003626700688
2021 NBA Finals Game 1,8.593799952300868,8.56,0.03379995230086763
2021 NBA Finals Game 2,10.251020693218186,9.379999999999999,0.8710206932181865
2021 NBA Finals Game 3,10.095094413124889,9.019999999999998,1.0750944131248907
2021 NBA Finals Game 4,10.397825561846966,10.250000000000002,0.1478255618469646
2021 NBA Finals Game 5,11.313957336953534,9.549999999999999,1.7639573369535348
2021 NBA Finals Game 6,11.546805644248764,12.519999999999998,0.9731943557512341
2020 NBA Finals Game 1,8.305322280764406,7.409999999999998,0.8953222807644075
2020 NBA Finals Game 2,8.305322280764406,6.610000000000002,1.6953222807644037
2020 NBA Finals Game 3,10.924912533008817,5.9399999999999995,4.984912533008817
2020 NBA Finals Game 4,10.16457745112793,7.539999999999999,2.62457745112793
2020 NBA Finals Game 5,9.363869602995122,8.889999999999999,0.4738696029951228
2020 NBA Finals Game 6,8.70783679822595,8.290000000000001,0.41783679822594877
2019 NBA Finals Game 1,14.199441726680197,13.51,0.6894417266801973
2019 NBA Finals Game 2,13.58749676178631,14.050000000000004,0.462503238213694
2019 NBA Finals Game 3,13.550266237890913,13.439999999999998,0.11026623789091516
2019 NBA Finals Game 4,16.361319194937312,13.16,3.2013191949373123
2019 NBA Finals Game 5,17.82819752111284,18.34,0.5118024788871587
2019 NBA Finals Game 6,18.18526130706427,18.34,0.15473869293573017
2018 NBA Finals Game 1,16.609984628028027,17.670000000000005,1.0600153719719785
2018 NBA Finals Game 2,17.228233521446274,18.469999999999995,1.2417664785537212
2018 NBA Finals Game 3,15.792115784283729,17.850000000000005,2.0578842157162764
2018 NBA Finals Game 4,15.634488695214282,16.239999999999995,0.605511304785713
2017 NBA Finals Game 1,16.141191184749477,18.699999999999996,2.5588088152505186
2017 NBA Finals Game 2,17.144309907848445,19.690000000000005,2.5456900921515597
2017 NBA Finals Game 3,19.442663861831658,20.049999999999997,0.6073361381683391
2017 NBA Finals Game 4,20.290113253509645,19.009999999999998,1.280113253509647
2017 NBA Finals Game 5,22.636420420965212,24.469999999999995,1.833579579034783
2016 NBA Finals Game 1,19.641841211217212,19.200000000000003,0.4418412112172092
2016 NBA Finals Game 2,17.595217237370147,17.49,0.1052172373701481
2016 NBA Finals Game 3,16.44338399386168,16.47,0.026616006138318937
2016 NBA Finals Game 4,17.85168224825625,16.570000000000004,1.2816822482562458
2016 NBA Finals Game 5,18.623227374047318,20.53,1.9067726259526836
2016 NBA Finals Game 6,20.78833679832438,20.7,0.0883367983243808
2016 NBA Finals Game 7,15.593504977348312,31.019999999999996,15.426495022651684
2015 NBA Finals Game 1,17.53993738643825,17.770000000000003,0.23006261356175273
2015 NBA Finals Game 2,18.42544619342334,19.17,0.7445538065766613
2015 NBA Finals Game 3,19.274869046581216,18.769999999999996,0.50486904658122
2015 NBA Finals Game 4,19.886703949637077,19.840000000000003,0.046703949637073805
2015 NBA Finals Game 5,19.175508675206412,20.86,1.684491324793587
2015 NBA Finals Game 6,21.119270160671082,23.249999999999996,2.1307298393289145
2014 NBA Finals Game 1,15.557393705216562,14.849999999999998,0.707393705216564
2014 NBA Finals Game 2,15.112802896601364,15.129999999999997,0.017197103398633118
2014 NBA Finals Game 3,16.969369976875736,14.780000000000003,2.1893699768757333
2014 NBA Finals Game 4,15.745122192718075,14.96,0.7851221927180738
2014 NBA Finals Game 5,16.968591587203377,17.999999999999996,1.031408412796619
2013 NBA Finals Game 1,15.274926018391623,14.24,1.034926018391623
2013 NBA Finals Game 2,14.68584993490086,14.570000000000002,0.11584993490085793
2013 NBA Finals Game 3,14.082697825427308,14.050000000000004,0.03269782542730404
2013 NBA Finals Game 4,16.707957200948538,16.23,0.4779572009485378
2013 NBA Finals Game 5,15.758017229107113,16.269999999999996,0.5119827708928835
2013 NBA Finals Game 6,17.730959285636278,20.640000000000004,2.9090407143637265
2013 NBA Finals Game 7,16.759674040879904,26.319999999999993,9.560325959120089
2012 NBA Finals Game 1,15.73302495952365,16.2,0.4669750404763491
2012 NBA Finals Game 2,16.295767075343825,16.67,0.37423292465617664
2012 NBA Finals Game 3,15.015221025340919,15.550000000000002,0.5347789746590834
2012 NBA Finals Game 4,17.42148198262948,17.499999999999996,0.07851801737051645
2012 NBA Finals Game 5,16.915746116125515,18.46,1.544253883874486
2012 Stanley Cup Finals Game 1,3.8298339958100427,2.9790000000000005,0.8508339958100422
2012 Stanley Cup Finals Game 2,2.836710596149113,2.8999999999999995,0.06328940385088666
2012 Stanley Cup Finals Game 3,3.355935940199929,2.8999999999999995,0.45593594019992967
2012 Stanley Cup Finals Game 4,4.351548065292083,1.7429999999999999,2.608548065292083
2012 Stanley Cup Finals Game 5,3.379722297644913,2.0689999999999995,1.3107222976449133
2012 Stanley Cup Finals Game 6,3.23371398791228,3.3309999999999995,0.0972860120877197
2013 Stanley Cup Finals Game 1,5.028581638716832,5.7620000000000005,0.7334183612831682
2013 Stanley Cup Finals Game 2,5.907881777772323,6.358,0.45011822222767695
2013 Stanley Cup Finals Game 3,4.245529440673013,3.9640000000000004,0.28152944067301267
2013 Stanley Cup Finals Game 4,4.007991975147353,4.001,0.006991975147352392
2013 Stanley Cup Finals Game 5,6.264801492384646,6.458999999999998,0.19419850761535162
2013 Stanley Cup Finals Game 6,7.5285917260876705,8.16,0.6314082739123297
2014 Stanley Cup Finals Game 1,5.077520715180711,4.697,0.38052071518071084
2014 Stanley Cup Finals Game 2,4.67053225963483,4.777000000000001,0.10646774036517126
2014 Stanley Cup Finals Game 3,5.720052558263703,6.413,0.6929474417362975
2014 Stanley Cup Finals Game 4,3.157212345082628,2.893,0.26421234508262836
2014 Stanley Cup Finals Game 5,5.56892688041399,6.021000000000001,0.4520731195860108
2015 Stanley Cup Finals Game 1,5.110450599531454,5.53,0.4195494004685463
2015 Stanley Cup Finals Game 2,5.629069392904446,5.546999999999999,0.08206939290444737
2015 Stanley Cup Finals Game 3,5.771730924882033,6.5489999999999995,0.7772690751179665
2015 Stanley Cup Finals Game 4,4.241860315061666,3.8960000000000004,0.34586031506166526
2015 Stanley Cup Finals Game 5,4.950446858375893,5.267,0.31655314162410697
2015 Stanley Cup Finals Game 6,7.420859691597581,8.004999999999999,0.5841403084024179
2016 Stanley Cup Finals Game 1,4.903284272444955,4.001,0.9022842724449545
2016 Stanley Cup Finals Game 2,4.2084547727685635,4.081000000000001,0.1274547727685622
2016 Stanley Cup Finals Game 3,2.6479723495518845,2.5070000000000006,0.14097234955188398
2016 Stanley Cup Finals Game 4,2.9329430957444003,2.7890000000000006,0.14394309574439967
2016 Stanley Cup Finals Game 5,4.3216746906821895,4.234,0.08767469068218947
2016 Stanley Cup Finals Game 6,3.640930778175159,5.009,1.3680692218248414
2017 Stanley Cup Finals Game 1,5.811283356270112,4.667999999999999,1.1432833562701123
2017 Stanley Cup Finals Game 2,4.818170683432605,4.854,0.035829316567395075
2017 Stanley Cup Finals Game 3,3.4958379300936455,3.18,0.31583793009364536
2017 Stanley Cup Finals Game 4,3.2693839875895527,2.953,0.3163839875895529
2017 Stanley Cup Finals Game 5,3.877014375231932,5.654000000000001,1.7769856247680687
2017 Stanley Cup Finals Game 6,5.5968481330312185,6.985,1.3881518669687818
2018 Stanley Cup Finals Game 1,4.897254491615924,5.194999999999999,0.2977455083840752
2018 Stanley Cup Finals Game 2,4.087008790658486,3.6480000000000006,0.43900879065848564
2018 Stanley Cup Finals Game 3,3.519782501193437,3.439,0.0807825011934371
2018 Stanley Cup Finals Game 4,5.615082747671583,5.061,0.5540827476715835
2018 Stanley Cup Finals Game 5,6.241300611120191,6.587999999999998,0.34669938887980756
2019 Stanley Cup Finals Game 1,5.047967862888179,5.333000000000001,0.2850321371118225
2019 Stanley Cup Finals Game 2,4.8882831896386385,5.251,0.36271681036136183
2019 Stanley Cup Finals Game 3,3.3828105587203856,3.386,0.0031894412796145133
2019 Stanley Cup Finals Game 4,2.8193300126959335,2.9299999999999997,0.11066998730406619
2019 Stanley Cup Finals Game 5,4.686080982877637,5.128,0.4419190171223635
2019 Stanley Cup Finals Game 6,5.309650520530603,5.442999999999999,0.13334947946939568
2019 Stanley Cup Finals Game 7,8.064974236385147,8.723000000000003,0.6580257636148552
2020 Stanley Cup Finals Game 1,3.6732947568628913,2.034,1.6392947568628915
2020 Stanley Cup Finals Game 2,1.8122040690418282,2.115,0.30279593095817203
2020 Stanley Cup Finals Game 3,1.2319727024735077,1.137,0.09497270247350764
2020 Stanley Cup Finals Game 4,1.2955190118019118,1.145,0.15051901180191174
2020 Stanley Cup Finals Game 5,2.299726594043888,2.216,0.08372659404388783
2020 Stanley Cup Finals Game 6,5.14051031953595,2.7130000000000005,2.427510319535949
2021 Stanley Cup Finals Game 1,2.5278861446542638,2.4050000000000002,0.12288614465426351
2021 Stanley Cup Finals Game 2,1.7577063909519366,1.569,0.18870639095193664
2021 Stanley Cup Finals Game 3,2.0853026056749426,1.649,0.4363026056749426
2021 Stanley Cup Finals Game 4,2.791347247595166,2.3779999999999997,0.4133472475951665
2021 Stanley Cup Finals Game 5,3.460019548753867,2.9199999999999995,0.5400195487538677
2022 Stanley Cup Finals Game 1,3.849779377596921,4.2,0.35022062240307905
2022 Stanley Cup Finals Game 2,3.0822428544388427,3.7469999999999994,0.6647571455611567
2022 Stanley Cup Finals Game 3,4.500615584843956,4.103000000000001,0.39761558484395554
2022 Stanley Cup Finals Game 4,4.5203240577279535,4.599000000000001,0.07867594227204755
2022 Stanley Cup Finals Game 5,4.993025218242541,5.145,0.15197478175745882
2022 Stanley Cup Finals Game 6,4.667733960762439,5.817,1.1492660392375615
2023 Stanley Cup Finals Game 1,3.9378553991516343,2.753,1.1848553991516342
2023 Stanley Cup Finals Game 2,2.712479271935145,2.4450000000000003,0.26747927193514487
2023 Stanley Cup Finals Game 3,3.5849473495680098,2.6880000000000006,0.8969473495680091
2023 Stanley Cup Finals Game 4,2.711814244405995,2.5620000000000003,0.14981424440599467
2023 Stanley Cup Finals Game 5,4.214098316857799,2.721,1.4930983168577985
2024 Stanley Cup Finals Game 1,8.102563903669173,3.115,4.987563903669173
2024 Stanley Cup Finals Game 2,8.13952877665533,3.558,4.581528776655331
2024 Stanley Cup Finals Game 3,3.8230567650609024,3.3519999999999994,0.471056765060903
2024 Stanley Cup Finals Game 4,3.544522395961112,3.0849999999999995,0.45952239596111255
2024 Stanley Cup Finals Game 5,4.2852123400205,4.15,0.13521234002049987
2024 Stanley Cup Finals Game 6,4.268457781697206,4.237000000000001,0.031457781697205256
2024 Stanley Cup Finals Game 7,7.740036917794793,7.662,0.07803691779479305
MLS Cup 2023,2.2713837447968652,0.9,1.3713837447968653
MLS Cup 2022,1.9804732827864469,2.2,0.21952671721355332
MLS Cup 2021,1.5897458432831517,1.5,0.08974584328315172
MLS Cup 2020,1.7748233400815807,1.7,0.07482334008158076
MLS Cup 2019,1.3502224123975586,1.3,0.050222412397558536
MLS Cup 2018,2.067687189692473,1.8000000000000003,0.26768718969247285
MLS Cup 2017,1.9214335039304598,1.1,0.8214335039304597
MLS Cup 2016,4.803776333138548,2.0000000000000004,2.8037763331385475
MLS Cup 2015,1.3129015310571255,1.2,0.11290153105712553
MLS Cup 2014,2.8231078806105825,1.8999999999999997,0.9231078806105828
MLS Cup 2013,1.4311781874752325,1.0,0.4311781874752325
MLS Cup 2012,0.9092896718312286,0.8,0.10928967183122851
