Name,Year,Total Posts,Total Comments,Total Scores,Avg Comments Per Post,Avg Score Per Post
2024 World Series Game 1,2024,58,782,6925,13.482758620689655,119.39655172413794
2024 World Series Game 2,2024,52,39,681,0.75,13.096153846153847
2024 World Series Game 3,2024,36,1046,92,29.055555555555557,2.5555555555555554
2024 World Series Game 4,2024,38,1753,1357,46.13157894736842,35.71052631578947
2024 World Series Game 5,2024,41,1812,2034,44.19512195121951,49.609756097560975
2023 World Series Game 1,2023,100,123,586,1.23,5.86
2023 World Series Game 2,2023,78,108,425,1.3846153846153846,5.448717948717949
2023 World Series Game 3,2023,55,98,391,1.7818181818181817,7.109090909090909
2023 World Series Game 4,2023,46,4,50,0.08695652173913043,1.0869565217391304
2023 World Series Game 5,2023,77,97,113,1.2597402597402598,1.4675324675324675
2022 World Series Game 1,2022,70,47066,4097,672.3714285714286,58.52857142857143
2022 World Series Game 2,2022,87,49543,7178,569.4597701149426,82.50574712643679
2022 World Series Game 3,2022,28,1017,3907,36.32142857142857,139.53571428571428
2022 World Series Game 4,2022,32,1458,4250,45.5625,132.8125
2022 World Series Game 5,2022,45,3440,17243,76.44444444444444,383.1777777777778
2023 World Series Game 6,2022,47,3546,18389,75.44680851063829,391.25531914893617
2021 World Series Game 1,2021,88,8265,32231,93.92045454545455,366.2613636363636
2021 World Series Game 2,2021,73,4550,30889,62.32876712328767,423.13698630136986
2021 World Series Game 3,2021,59,6142,33415,104.10169491525424,566.3559322033898
2021 World Series Game 4,2021,37,4369,7203,118.08108108108108,194.67567567567568
2021 World Series Game 5,2021,52,5675,15645,109.13461538461539,300.86538461538464
2021 World Series Game 6,2021,60,5338,31445,88.96666666666667,524.0833333333334
2020 World Series Game 1,2020,79,12022,99715,152.1772151898734,1262.2151898734178
2020 World Series Game 2,2020,61,4569,24174,74.90163934426229,396.2950819672131
2020 World Series Game 3,2020,26,382,2394,14.692307692307692,92.07692307692308
2020 World Series Game 4,2020,18,339,2206,18.833333333333332,122.55555555555556
2020 World Series Game 5,2020,27,547,2935,20.25925925925926,108.70370370370371
2020 World Series Game 6,2020,25,579,2610,23.16,104.4
2019 World Series Game 1,2019,77,6273,24706,81.46753246753246,320.85714285714283
2019 World Series Game 2,2019,80,5848,9702,73.1,121.275
2019 World Series Game 3,2019,77,3274,4635,42.51948051948052,60.1948051948052
2019 World Series Game 4,2019,81,571245,3756,7052.407407407408,46.370370370370374
2019 World Series Game 5,2019,67,571208,3363,8525.492537313432,50.19402985074627
2019 World Series Game 6,2019,50,1924,8461,38.48,169.22
2019 World Series Game 7,2019,56,3424,8994,61.142857142857146,160.60714285714286
2018 World Series Game 1,2018,87,9157,14094,105.25287356321839,162.0
2018 World Series Game 2,2018,94,8861,4511,94.26595744680851,47.98936170212766
2018 World Series Game 3,2018,39,5313,1456,136.23076923076923,37.333333333333336
2018 World Series Game 4,2018,21,3314,1115,157.8095238095238,53.095238095238095
2018 World Series Game 5,2018,29,4136,2582,142.6206896551724,89.03448275862068
2017 World Series Game 1,2017,78,12562,60040,161.05128205128204,769.7435897435897
2017 World Series Game 2,2017,51,13986,4708,274.2352941176471,92.31372549019608
2017 World Series Game 3,2017,32,14747,4142,460.84375,129.4375
2017 World Series Game 4,2017,38,11267,3073,296.5,80.86842105263158
2017 World Series Game 5,2017,33,19586,1817,593.5151515151515,55.06060606060606
2017 World Series Game 6,2017,47,17255,3699,367.1276595744681,78.70212765957447
2017 World Series Game 7,2017,54,22591,12365,418.35185185185185,228.9814814814815
2016 World Series Game 1,2016,100,13500,25381,135.0,253.81
2016 World Series Game 2,2016,98,10705,9972,109.23469387755102,101.75510204081633
2016 World Series Game 3,2016,68,6048,7714,88.94117647058823,113.44117647058823
2016 World Series Game 4,2016,61,2189,3394,35.885245901639344,55.63934426229508
2016 World Series Game 5,2016,61,2879,3517,47.19672131147541,57.65573770491803
2016 World Series Game 6,2016,57,6822,7666,119.6842105263158,134.49122807017545
2016 World Series Game 7,2016,76,21834,21502,287.2894736842105,282.92105263157896
2015 World Series Game 1,2015,42,11728,1122,279.23809523809524,26.714285714285715
2015 World Series Game 2,2015,46,15616,1328,339.4782608695652,28.869565217391305
2015 World Series Game 3,2015,32,9244,933,288.875,29.15625
2015 World Series Game 4,2015,26,10277,973,395.2692307692308,37.42307692307692
2015 World Series Game 5,2015,34,18705,1112,550.1470588235294,32.705882352941174
2014 World Series Game 1,2014,19,3749,664,197.31578947368422,34.94736842105263
2014 World Series Game 2,2014,20,6826,633,341.3,31.65
2014 World Series Game 3,2014,25,3259,510,130.36,20.4
2014 World Series Game 4,2014,25,191,454,7.64,18.16
2014 World Series Game 5,2014,20,216,972,10.8,48.6
2014 World Series Game 6,2014,24,193,1024,8.041666666666666,42.666666666666664
2014 World Series Game 7,2014,28,6431,2247,229.67857142857142,80.25
2013 World Series Game 1,2013,12,3299,208,274.9166666666667,17.333333333333332
2013 World Series Game 2,2013,23,6985,693,303.69565217391306,30.130434782608695
2013 World Series Game 3,2013,25,7822,1022,312.88,40.88
2013 World Series Game 4,2013,20,8237,1077,411.85,53.85
2013 World Series Game 5,2013,21,11212,963,533.9047619047619,45.857142857142854
2013 World Series Game 6,2013,27,7650,569,283.3333333333333,21.074074074074073
2012 World Series Game 1,2012,26,2669,934,102.65384615384616,35.92307692307692
2012 World Series Game 2,2012,28,2050,1012,73.21428571428571,36.142857142857146
2012 World Series Game 3,2012,19,1666,447,87.6842105263158,23.526315789473685
2012 World Series Game 4,2012,22,2002,552,91.0,25.09090909090909
Super Bowl XLVI,2012,21,5835,1267,277.85714285714283,60.333333333333336
Super Bowl XLVII,2013,56,18147,5130,324.05357142857144,91.60714285714286
Super Bowl XLVIII,2014,98,31199,13131,318.35714285714283,133.98979591836735
Super Bowl XLIX,2015,100,47677,23757,476.77,237.57
Super Bowl 50,2017,100,181133,850353,1811.33,8503.53
Super Bowl LI,2017,100,68379,245072,683.79,2450.72
Super Bowl LII,2018,100,106895,57447,1068.95,574.47
Super Bowl LIII,2019,100,97075,53902,970.75,539.02
Super Bowl LIV,2020,100,106955,49177,1069.55,491.77
Super Bowl LV,2021,100,131027,698186,1310.27,6981.86
Super Bowl LVI,2022,100,106920,33212,1069.2,332.12
Super Bowl LVII,2023,100,157073,60817,1570.73,608.17
Super Bowl LVIII,2024,100,153,1337,1.53,13.37
2024 NBA Finals Game 1,2024,94,12151,301,129.2659574468085,3.202127659574468
2024 NBA Finals Game 2,2024,95,7443,468,78.34736842105264,4.926315789473684
2024 NBA Finals Game 3,2024,74,9833,682,132.8783783783784,9.216216216216216
2024 NBA Finals Game 4,2024,93,9461,349,101.73118279569893,3.752688172043011
2024 NBA Finals Game 5,2024,62,30,72,0.4838709677419355,1.1612903225806452
2023 NBA Finals Game 1,2023,100,54201,149712,542.01,1497.12
2023 NBA Finals Game 2,2023,100,48569,25876,485.69,258.76
2023 NBA Finals Game 3,2023,100,45493,36063,454.93,360.63
2023 NBA Finals Game 4,2023,100,71452,32266,714.52,322.66
2023 NBA Finals Game 5,2023,100,39356,58167,393.56,581.67
2022 NBA Finals Game 1,2022,100,50541,18747,505.41,187.47
2022 NBA Finals Game 2,2022,73,77926,45589,1067.4794520547946,624.5068493150685
2022 NBA Finals Game 3,2022,71,54351,31897,765.5070422535211,449.2535211267606
2022 NBA Finals Game 4,2022,94,107174,24912,1140.1489361702127,265.02127659574467
2022 NBA Finals Game 5,2022,72,69101,32617,959.7361111111111,453.0138888888889
2022 NBA Finals Game 6,2022,88,80280,32510,912.2727272727273,369.4318181818182
2021 NBA Finals Game 1,2021,100,40922,88334,409.22,883.34
2021 NBA Finals Game 2,2021,100,71021,40385,710.21,403.85
2021 NBA Finals Game 3,2021,55,63813,38534,1160.2363636363636,700.6181818181818
2021 NBA Finals Game 4,2021,65,44136,20382,679.0153846153846,313.5692307692308
2021 NBA Finals Game 5,2021,71,48027,27256,676.4366197183099,383.88732394366195
2021 NBA Finals Game 6,2021,67,72656,47831,1084.4179104477612,713.8955223880597
2020 NBA Finals Game 1,2020,100,61217,247404,612.17,2474.04
2020 NBA Finals Game 2,2020,100,61217,247404,612.17,2474.04
2020 NBA Finals Game 3,2020,77,60893,23455,790.8181818181819,304.61038961038963
2020 NBA Finals Game 4,2020,77,79892,59291,1037.5584415584415,770.012987012987
2020 NBA Finals Game 5,2020,81,55575,47599,686.1111111111111,587.641975308642
2020 NBA Finals Game 6,2020,100,106844,100900,1068.44,1009.0
2019 NBA Finals Game 1,2019,100,47069,31600,470.69,316.0
2019 NBA Finals Game 2,2019,100,109582,64966,1095.82,649.66
2019 NBA Finals Game 3,2019,100,231766,36698,2317.66,366.98
2019 NBA Finals Game 4,2019,100,110744,60843,1107.44,608.43
2019 NBA Finals Game 5,2019,100,90107,54912,901.07,549.12
2019 NBA Finals Game 6,2019,100,95111,28357,951.11,283.57
2018 NBA Finals Game 1,2019,100,184686,67154,1846.86,671.54
2018 NBA Finals Game 2,2019,100,408182,13788,4081.82,137.88
2018 NBA Finals Game 3,2019,100,730993,51737,7309.93,517.37
2018 NBA Finals Game 4,2019,100,89781,77462,897.81,774.62
2017 NBA Finals Game 1,2017,61,45793,9768,750.7049180327868,160.13114754098362
2017 NBA Finals Game 2,2017,72,56722,20495,787.8055555555555,284.65277777777777
2017 NBA Finals Game 3,2017,70,66948,13557,956.4,193.67142857142858
2017 NBA Finals Game 4,2017,100,139450,52766,1394.5,527.66
2017 NBA Finals Game 5,2017,66,73013,11528,1106.2575757575758,174.66666666666666
2016 NBA Finals Game 1,2016,93,58726,15887,631.4623655913979,170.8279569892473
2016 NBA Finals Game 2,2016,33,37834,7155,1146.4848484848485,216.8181818181818
2016 NBA Finals Game 3,2016,41,27314,6709,666.1951219512196,163.6341463414634
2016 NBA Finals Game 4,2016,55,51647,6861,939.0363636363636,124.74545454545455
2016 NBA Finals Game 5,2016,27,27517,6147,1019.1481481481482,227.66666666666666
2016 NBA Finals Game 6,2016,44,58945,7905,1339.659090909091,179.6590909090909
2016 NBA Finals Game 7,2016,62,64063,15337,1033.274193548387,247.3709677419355
2015 NBA Finals Game 1,2015,25,24914,4022,996.56,160.88
2015 NBA Finals Game 2,2015,28,33478,5200,1195.642857142857,185.71428571428572
2015 NBA Finals Game 3,2015,36,63981,8310,1777.25,230.83333333333334
2015 NBA Finals Game 4,2015,49,60960,9877,1244.0816326530612,201.57142857142858
2015 NBA Finals Game 5,2015,17,24090,3554,1417.0588235294117,209.05882352941177
2015 NBA Finals Game 6,2015,33,52873,6665,1602.2121212121212,201.96969696969697
2014 NBA Finals Game 1,2014,30,15454,3475,515.1333333333333,115.83333333333333
2014 NBA Finals Game 2,2014,34,31920,6226,938.8235294117648,183.11764705882354
2014 NBA Finals Game 3,2014,45,31581,4570,701.8,101.55555555555556
2014 NBA Finals Game 4,2014,44,33462,5339,760.5,121.3409090909091
2014 NBA Finals Game 5,2014,41,36450,5607,889.0243902439024,136.7560975609756
2013 NBA Finals Game 1,2013,40,9594,2750,239.85,68.75
2013 NBA Finals Game 2,2013,23,6339,883,275.60869565217394,38.391304347826086
2013 NBA Finals Game 3,2013,25,15357,2648,614.28,105.92
2013 NBA Finals Game 4,2013,35,18069,3516,516.2571428571429,100.45714285714286
2013 NBA Finals Game 5,2013,22,7808,2239,354.90909090909093,101.77272727272727
2013 NBA Finals Game 6,2013,34,27423,4988,806.5588235294117,146.7058823529412
2013 NBA Finals Game 7,2013,48,40295,10097,839.4791666666666,210.35416666666666
2012 NBA Finals Game 1,2012,27,4319,2055,159.96296296296296,76.11111111111111
2012 NBA Finals Game 2,2012,14,7807,597,557.6428571428571,42.642857142857146
2012 NBA Finals Game 3,2012,13,3859,776,296.84615384615387,59.69230769230769
2012 NBA Finals Game 4,2012,20,8052,741,402.6,37.05
2012 NBA Finals Game 5,2012,14,10256,526,732.5714285714286,37.57142857142857
MLS Cup 2023,2023,100,1564,8155,15.64,81.55
MLS Cup 2022,2022,100,29044,50425,290.44,504.25
MLS Cup 2021,2021,100,17525,55714,175.25,557.14
MLS Cup 2020,2020,19,7525,2163,396.05263157894734,113.84210526315789
MLS Cup 2019,2019,100,13612,28060,136.12,280.6
MLS Cup 2018,2018,92,16132,7238,175.34782608695653,78.67391304347827
MLS Cup 2017,2017,100,15033,43717,150.33,437.17
MLS Cup 2016,2016,100,20824,17678,208.24,176.78
MLS Cup 2015,2015,30,4935,1540,164.5,51.333333333333336
MLS Cup 2014,2014,100,8511,24583,85.11,245.83
MLS Cup 2013,2013,10,3631,756,363.1,75.6
MLS Cup 2012,2012,5,923,303,184.6,60.6
